USE DGIIServicesDb

GO

INSERT [dbo].[contribuyentes_estatus] ([id], [nombre]) VALUES (1, N'Activo')
INSERT [dbo].[contribuyentes_estatus] ([id], [nombre]) VALUES (2, N'Inactivo')
INSERT [dbo].[contribuyentes_tipos] ([id], [nombre]) VALUES (2, N'Persona física')
INSERT [dbo].[contribuyentes_tipos] ([id], [nombre]) VALUES (1, N'Persona juridica')

SET IDENTITY_INSERT [dbo].[contribuyentes] ON 

INSERT [dbo].[contribuyentes] ([id], [rnc], [nombre], [tipo], [estatus]) VALUES (1, N'BRFTBPXISFXJC', N'Ida Gibbs', 2, 2)
INSERT [dbo].[contribuyentes] ([id], [rnc], [nombre], [tipo], [estatus]) VALUES (2, N'OPIJCKZRWZXJR', N'Dione Major', 1, 1)
INSERT [dbo].[contribuyentes] ([id], [rnc], [nombre], [tipo], [estatus]) VALUES (3, N'YWQGWJVSUNTOJ', N'Juliet Stafford', 2, 1)
INSERT [dbo].[contribuyentes] ([id], [rnc], [nombre], [tipo], [estatus]) VALUES (4, N'KLNNWGKEQEFNZ', N'Eric Dove', 2, 2)
INSERT [dbo].[contribuyentes] ([id], [rnc], [nombre], [tipo], [estatus]) VALUES (5, N'RGSSXIGWLNJPX', N'Neta Turner', 2, 2)
INSERT [dbo].[contribuyentes] ([id], [rnc], [nombre], [tipo], [estatus]) VALUES (6, N'VVQJXDHHMJNLB', N'Shirleen Mortensen', 1, 1)
INSERT [dbo].[contribuyentes] ([id], [rnc], [nombre], [tipo], [estatus]) VALUES (7, N'BMAIGPXKRAQXL', N'Michaele Meadows', 2, 1)
INSERT [dbo].[contribuyentes] ([id], [rnc], [nombre], [tipo], [estatus]) VALUES (8, N'ZWEGEOJRNWMVY', N'Ha Begay', 1, 1)
INSERT [dbo].[contribuyentes] ([id], [rnc], [nombre], [tipo], [estatus]) VALUES (9, N'TIFIGNRUNAFHU', N'Estela Self', 2, 1)
INSERT [dbo].[contribuyentes] ([id], [rnc], [nombre], [tipo], [estatus]) VALUES (10, N'EMOVRODMBCCIJ', N'Zenia John', 2, 1)

SET IDENTITY_INSERT [dbo].[contribuyentes] OFF

INSERT [dbo].[contribuyentes_ncfs] ([id], [contribuyente], [ncf], [monto]) VALUES (1, 10, N'KABEDPAYDX', 1757.6229)
INSERT [dbo].[contribuyentes_ncfs] ([id], [contribuyente], [ncf], [monto]) VALUES (2, 4, N'WVHLMFVLGB', 8592.2920)
INSERT [dbo].[contribuyentes_ncfs] ([id], [contribuyente], [ncf], [monto]) VALUES (3, 7, N'CQYXTQRUOU', 62364.7874)
INSERT [dbo].[contribuyentes_ncfs] ([id], [contribuyente], [ncf], [monto]) VALUES (4, 2, N'XHKCBMQQEC', 61004.1967)
INSERT [dbo].[contribuyentes_ncfs] ([id], [contribuyente], [ncf], [monto]) VALUES (5, 1, N'YFAQFWRWVU', 50691.9473)
INSERT [dbo].[contribuyentes_ncfs] ([id], [contribuyente], [ncf], [monto]) VALUES (6, 4, N'DTGFCWKCIJ', 4341.9818)
INSERT [dbo].[contribuyentes_ncfs] ([id], [contribuyente], [ncf], [monto]) VALUES (7, 5, N'TXVWKEIRMX', 38740.7824)
INSERT [dbo].[contribuyentes_ncfs] ([id], [contribuyente], [ncf], [monto]) VALUES (8, 6, N'TNOWZHRZNY', 4430.8642)
INSERT [dbo].[contribuyentes_ncfs] ([id], [contribuyente], [ncf], [monto]) VALUES (9, 9, N'ZEMVRGUFXU', 59064.4186)
INSERT [dbo].[contribuyentes_ncfs] ([id], [contribuyente], [ncf], [monto]) VALUES (10, 5, N'XMDQELMNEI', 6181.2618)
INSERT [dbo].[contribuyentes_ncfs] ([id], [contribuyente], [ncf], [monto]) VALUES (11, 7, N'ZWONGSZHFR', 4971.5981)
INSERT [dbo].[contribuyentes_ncfs] ([id], [contribuyente], [ncf], [monto]) VALUES (12, 8, N'KTRJKJYTGW', 39541.9187)
INSERT [dbo].[contribuyentes_ncfs] ([id], [contribuyente], [ncf], [monto]) VALUES (13, 1, N'YQCTICFMAU', 35170.1847)
INSERT [dbo].[contribuyentes_ncfs] ([id], [contribuyente], [ncf], [monto]) VALUES (14, 5, N'YBMDEAXBLK', 16173.5819)
INSERT [dbo].[contribuyentes_ncfs] ([id], [contribuyente], [ncf], [monto]) VALUES (15, 7, N'UBFZQXDOHY', 2430.8986)
INSERT [dbo].[contribuyentes_ncfs] ([id], [contribuyente], [ncf], [monto]) VALUES (16, 2, N'SYXKIJSCSR', 54714.8929)
INSERT [dbo].[contribuyentes_ncfs] ([id], [contribuyente], [ncf], [monto]) VALUES (17, 9, N'JRLTHFURAK', 1099.8249)
INSERT [dbo].[contribuyentes_ncfs] ([id], [contribuyente], [ncf], [monto]) VALUES (18, 5, N'TSANFIDJHJ', 94550.3327)
INSERT [dbo].[contribuyentes_ncfs] ([id], [contribuyente], [ncf], [monto]) VALUES (19, 8, N'XEOCTRNFES', 89019.7200)
INSERT [dbo].[contribuyentes_ncfs] ([id], [contribuyente], [ncf], [monto]) VALUES (20, 10, N'LNJJTQTQPX', 97569.4500)
INSERT [dbo].[contribuyentes_ncfs] ([id], [contribuyente], [ncf], [monto]) VALUES (21, 1, N'FEEFVEKYIF', 8457.7979)
INSERT [dbo].[contribuyentes_ncfs] ([id], [contribuyente], [ncf], [monto]) VALUES (22, 2, N'PTHEFHDDRC', 28226.5313)
INSERT [dbo].[contribuyentes_ncfs] ([id], [contribuyente], [ncf], [monto]) VALUES (23, 3, N'GCMZRKNLMT', 54032.1743)
INSERT [dbo].[contribuyentes_ncfs] ([id], [contribuyente], [ncf], [monto]) VALUES (24, 10, N'HZJTJRJUGJ', 1311.9650)
INSERT [dbo].[contribuyentes_ncfs] ([id], [contribuyente], [ncf], [monto]) VALUES (25, 5, N'RYQCOHIMIG', 6399.2302)
INSERT [dbo].[contribuyentes_ncfs] ([id], [contribuyente], [ncf], [monto]) VALUES (26, 4, N'GUCTRIWKWS', 7042.7267)
INSERT [dbo].[contribuyentes_ncfs] ([id], [contribuyente], [ncf], [monto]) VALUES (27, 5, N'OIDUIYHTTR', 8331.9813)
INSERT [dbo].[contribuyentes_ncfs] ([id], [contribuyente], [ncf], [monto]) VALUES (28, 5, N'GHKJPWCZAG', 1456.0035)
INSERT [dbo].[contribuyentes_ncfs] ([id], [contribuyente], [ncf], [monto]) VALUES (29, 9, N'TSLQMWATRN', 8083.8463)
INSERT [dbo].[contribuyentes_ncfs] ([id], [contribuyente], [ncf], [monto]) VALUES (30, 1, N'PFDYPZJBOI', 5055.0021)
INSERT [dbo].[contribuyentes_ncfs] ([id], [contribuyente], [ncf], [monto]) VALUES (31, 6, N'VNQEHOWISS', 6555.4035)
INSERT [dbo].[contribuyentes_ncfs] ([id], [contribuyente], [ncf], [monto]) VALUES (32, 6, N'CKLFNHKPVW', 34575.2720)
INSERT [dbo].[contribuyentes_ncfs] ([id], [contribuyente], [ncf], [monto]) VALUES (33, 6, N'VRFBNGDLUO', 7010.7684)
INSERT [dbo].[contribuyentes_ncfs] ([id], [contribuyente], [ncf], [monto]) VALUES (34, 7, N'BSXAIOHXJQ', 3089.3418)
INSERT [dbo].[contribuyentes_ncfs] ([id], [contribuyente], [ncf], [monto]) VALUES (35, 4, N'VCTJGHYQVJ', 72574.8921)
INSERT [dbo].[contribuyentes_ncfs] ([id], [contribuyente], [ncf], [monto]) VALUES (36, 7, N'UNUVGBPADT', 66548.2174)
INSERT [dbo].[contribuyentes_ncfs] ([id], [contribuyente], [ncf], [monto]) VALUES (37, 3, N'UEODNZWHXM', 12204.6535)
INSERT [dbo].[contribuyentes_ncfs] ([id], [contribuyente], [ncf], [monto]) VALUES (38, 10, N'HWCDAWRNAO', 4455.0277)
INSERT [dbo].[contribuyentes_ncfs] ([id], [contribuyente], [ncf], [monto]) VALUES (39, 2, N'JUJBJEGDEJ', 76662.4314)
INSERT [dbo].[contribuyentes_ncfs] ([id], [contribuyente], [ncf], [monto]) VALUES (40, 10, N'OELUYUZTKH', 93418.8745)
INSERT [dbo].[contribuyentes_ncfs] ([id], [contribuyente], [ncf], [monto]) VALUES (41, 8, N'MGYSYXPJPP', 7887.0488)
INSERT [dbo].[contribuyentes_ncfs] ([id], [contribuyente], [ncf], [monto]) VALUES (42, 1, N'ZUPUIPNAUE', 4990.2026)
INSERT [dbo].[contribuyentes_ncfs] ([id], [contribuyente], [ncf], [monto]) VALUES (43, 9, N'NDXSFTWJGA', 26607.6437)
INSERT [dbo].[contribuyentes_ncfs] ([id], [contribuyente], [ncf], [monto]) VALUES (44, 9, N'EHDDQGEKUP', 4637.2149)
INSERT [dbo].[contribuyentes_ncfs] ([id], [contribuyente], [ncf], [monto]) VALUES (45, 10, N'FBQEEIJGJN', 48764.3433)
INSERT [dbo].[contribuyentes_ncfs] ([id], [contribuyente], [ncf], [monto]) VALUES (46, 9, N'SOQUFORIFJ', 4283.7866)
INSERT [dbo].[contribuyentes_ncfs] ([id], [contribuyente], [ncf], [monto]) VALUES (47, 4, N'TMIQFVHSFF', 2586.2150)
INSERT [dbo].[contribuyentes_ncfs] ([id], [contribuyente], [ncf], [monto]) VALUES (48, 9, N'NYSYAPOZAQ', 93398.5130)
INSERT [dbo].[contribuyentes_ncfs] ([id], [contribuyente], [ncf], [monto]) VALUES (49, 4, N'DKLIRAQOIJ', 77038.9046)
INSERT [dbo].[contribuyentes_ncfs] ([id], [contribuyente], [ncf], [monto]) VALUES (50, 3, N'WHESNZKYMH', 27977.1759)
